token	pdb_id	target_chain	metal	metal_site_id	supporting_tokens	supporting_pdb_chains	reference_residues	columns	min_column	residue_count	site_residue_summary
7M3K_A	7M3K	A	ZN	ZN:A:701:ZN	7M3K_A	7M3K_A	CYS63[seq=71]->col=313;CYS131[seq=139]->col=401	313,401	313	2	CYS131[seq=139];CYS63[seq=71]
6OVT_A	6OVT	A	MG	MG:A:603:MG	6OVT_A;6OVT_B;6OVT_C;6OVT_D	6OVT_A;6OVT_B;6OVT_C;6OVT_D	ASP69[seq=94]->col=318	318	318	1	ASP69[seq=94]
8IKZ_A	8IKZ	A	MG	MG:A:603:MG	8IKZ_A	8IKZ_A	ASP98[seq=98]->col=358;ASP140[seq=140]->col=402	358,402	358	2	ASP140[seq=140];ASP98[seq=98]
9JPI_A	9JPI	A	MG	MG:A:601:MG	9JPI_A	9JPI_A	ASP98[seq=104]->col=358;ASP140[seq=146]->col=402;LYS141[seq=147]->col=403;GLU463[seq=469]->col=997	358,402,403,997	358	4	ASP98[seq=104];ASP140[seq=146];LYS141[seq=147];GLU463[seq=469]
5J84_C	5J84	C	MG	MG:C:601:MG	5J84_C	5J84_C	GLU91[seq=100]->col=358;ASP128[seq=137]->col=402;THR205[seq=214]->col=552;GLU453[seq=462]->col=997	358,402,552,997	358	4	GLU91[seq=100];ASP128[seq=137];THR205[seq=214];GLU453[seq=462]
5J84_A	5J84	A	MG	MG:A:601:MG	5J84_A;5J84_B;5J84_D;5J84_E;5J84_F;5J84_G;5J84_H;5J85_A;5OYN_A;5OYN_B;5OYN_C;5OYN_D;6OVT_A;6OVT_B;6OVT_C;6OVT_D;8EJ0_A;8EJ0_E;8EJ0_G;9EVV_A;9EVV_B;9EVV_C;9EVV_D;9L8R_A	5J84_A;5J84_B;5J84_D;5J84_E;5J84_F;5J84_G;5J84_H;5J85_A;5OYN_A;5OYN_B;5OYN_C;5OYN_D;6OVT_A;6OVT_B;6OVT_C;6OVT_D;8EJ0_A;8EJ0_E;8EJ0_G;9EVV_A;9EVV_B;9EVV_C;9EVV_D;9L8R_A	GLU91[seq=100]->col=358;ASP128[seq=137]->col=402;GLU453[seq=462]->col=997	358,402,997	358	3	ASP126[seq=126];GLU449[seq=449];GLU89[seq=89];ASP140[seq=138];GLU463[seq=461];ASP98[seq=96];ASP96[seq=121];ASP138[seq=163];GLU465[seq=490];GLU91[seq=100];ASP128[seq=137];GLU453[seq=462];GLU92[seq=101];ASP129[seq=138];GLU463[seq=472]
8EJ0_C	8EJ0	C	MG	MG:C:602:MG	8EJ0_C	8EJ0_C	GLU89[seq=89]->col=358;GLU449[seq=449]->col=997	358,997	358	2	GLU449[seq=449];GLU89[seq=89]
8HS0_A	8HS0	A	MG	MG:A:603:MG	8HS0_A	8HS0_A	ASP140[seq=140]->col=402;LYS141[seq=141]->col=403;HIS293[seq=293]->col=645	402,403,645	402	3	ASP140[seq=140];LYS141[seq=141];HIS293[seq=293]
5ZE4_A	5ZE4	A	MG	MG:A:606:MG	5ZE4_A	5ZE4_A	ASP140[seq=139]->col=402;GLU463[seq=462]->col=997	402,997	402	2	ASP140[seq=139];GLU463[seq=462]
