token	pdb_id	target_chain	metal	metal_site_id	metal_chain	metal_auth_seq_id	metal_atom	resname	auth_seq_id	label_seq_id	atom_name	distance
5ZE4_A	5ZE4	A	MG	MG:A:606:MG	A	606	MG	ASP	140	139	OD2	2.192
5ZE4_A	5ZE4	A	MG	MG:A:606:MG	A	606	MG	GLU	463	462	OE1	2.509
8IKZ_A	8IKZ	A	MG	MG:A:603:MG	A	603	MG	ASP	98	98	OD2	3.031
8IKZ_A	8IKZ	A	MG	MG:A:603:MG	A	603	MG	ASP	140	140	OD2	2.250
9JPI_A	9JPI	A	MG	MG:A:601:MG	A	601	MG	ASP	98	104	OD2	2.289
9JPI_A	9JPI	A	MG	MG:A:601:MG	A	601	MG	ASP	140	146	OD2	2.704
9JPI_A	9JPI	A	MG	MG:A:601:MG	A	601	MG	LYS	141	147	CE	3.162
9JPI_A	9JPI	A	MG	MG:A:601:MG	A	601	MG	LYS	141	147	NZ	3.115
9JPI_A	9JPI	A	MG	MG:A:601:MG	A	601	MG	GLU	463	469	OE1	2.612
9L8R_A	9L8R	A	MG	MG:A:603:MG	A	603	MG	ASP	98	96	OD2	3.022
9L8R_A	9L8R	A	MG	MG:A:603:MG	A	603	MG	ASP	140	138	OD2	2.454
9L8R_A	9L8R	A	MG	MG:A:603:MG	A	603	MG	GLU	463	461	OE2	3.079
8HS0_A	8HS0	A	MG	MG:A:603:MG	A	603	MG	ASP	140	140	OD1	2.834
8HS0_A	8HS0	A	MG	MG:A:603:MG	A	603	MG	LYS	141	141	CE	2.620
8HS0_A	8HS0	A	MG	MG:A:603:MG	A	603	MG	LYS	141	141	NZ	2.960
8HS0_A	8HS0	A	MG	MG:A:603:MG	A	603	MG	HIS	293	293	NE2	2.943
6OVT_A	6OVT	A	MG	MG:A:601:MG	A	601	MG	ASP	96	121	CG	3.189
6OVT_A	6OVT	A	MG	MG:A:601:MG	A	601	MG	ASP	96	121	OD2	2.118
6OVT_A	6OVT	A	MG	MG:A:601:MG	A	601	MG	ASP	138	163	CG	3.079
6OVT_A	6OVT	A	MG	MG:A:601:MG	A	601	MG	ASP	138	163	OD2	2.072
6OVT_A	6OVT	A	MG	MG:A:601:MG	A	601	MG	GLU	465	490	CD	3.087
6OVT_A	6OVT	A	MG	MG:A:601:MG	A	601	MG	GLU	465	490	OE2	2.164
6OVT_A	6OVT	A	MG	MG:A:603:MG	A	603	MG	ASP	69	94	OD1	2.207
6OVT_B	6OVT	B	MG	MG:B:601:MG	B	601	MG	ASP	96	121	CG	3.094
6OVT_B	6OVT	B	MG	MG:B:601:MG	B	601	MG	ASP	96	121	OD2	2.070
6OVT_B	6OVT	B	MG	MG:B:601:MG	B	601	MG	ASP	138	163	CG	3.121
6OVT_B	6OVT	B	MG	MG:B:601:MG	B	601	MG	ASP	138	163	OD2	2.111
6OVT_B	6OVT	B	MG	MG:B:601:MG	B	601	MG	GLU	465	490	CD	3.160
6OVT_B	6OVT	B	MG	MG:B:601:MG	B	601	MG	GLU	465	490	OE2	2.225
6OVT_B	6OVT	B	MG	MG:B:604:MG	B	604	MG	ASP	69	94	OD1	2.328
6OVT_C	6OVT	C	MG	MG:C:603:MG	C	603	MG	ASP	96	121	OD2	2.259
6OVT_C	6OVT	C	MG	MG:C:603:MG	C	603	MG	ASP	138	163	CG	3.183
6OVT_C	6OVT	C	MG	MG:C:603:MG	C	603	MG	ASP	138	163	OD2	2.100
6OVT_C	6OVT	C	MG	MG:C:603:MG	C	603	MG	GLU	465	490	OE2	2.309
6OVT_C	6OVT	C	MG	MG:C:604:MG	C	604	MG	ASP	69	94	OD1	2.336
6OVT_D	6OVT	D	MG	MG:D:601:MG	D	601	MG	ASP	96	121	OD2	2.342
6OVT_D	6OVT	D	MG	MG:D:601:MG	D	601	MG	ASP	138	163	OD2	2.244
6OVT_D	6OVT	D	MG	MG:D:601:MG	D	601	MG	GLU	465	490	OE1	3.013
6OVT_D	6OVT	D	MG	MG:D:602:MG	D	602	MG	ASP	69	94	OD1	2.244
8EJ0_A	8EJ0	A	MG	MG:A:602:MG	A	602	MG	GLU	89	89	CD	3.003
8EJ0_A	8EJ0	A	MG	MG:A:602:MG	A	602	MG	GLU	89	89	OE2	2.239
8EJ0_A	8EJ0	A	MG	MG:A:602:MG	A	602	MG	ASP	126	126	OD2	2.125
8EJ0_A	8EJ0	A	MG	MG:A:602:MG	A	602	MG	GLU	449	449	CD	3.068
8EJ0_A	8EJ0	A	MG	MG:A:602:MG	A	602	MG	GLU	449	449	OE2	2.172
8EJ0_C	8EJ0	C	MG	MG:C:602:MG	C	602	MG	GLU	89	89	CD	2.812
8EJ0_C	8EJ0	C	MG	MG:C:602:MG	C	602	MG	GLU	89	89	OE2	1.746
8EJ0_C	8EJ0	C	MG	MG:C:602:MG	C	602	MG	GLU	449	449	CD	2.996
8EJ0_C	8EJ0	C	MG	MG:C:602:MG	C	602	MG	GLU	449	449	OE1	3.190
8EJ0_C	8EJ0	C	MG	MG:C:602:MG	C	602	MG	GLU	449	449	OE2	2.176
8EJ0_E	8EJ0	E	MG	MG:E:602:MG	E	602	MG	GLU	89	89	CD	2.840
8EJ0_E	8EJ0	E	MG	MG:E:602:MG	E	602	MG	GLU	89	89	OE1	2.185
8EJ0_E	8EJ0	E	MG	MG:E:602:MG	E	602	MG	ASP	126	126	CG	3.117
8EJ0_E	8EJ0	E	MG	MG:E:602:MG	E	602	MG	ASP	126	126	OD2	2.730
8EJ0_E	8EJ0	E	MG	MG:E:602:MG	E	602	MG	GLU	449	449	OE2	2.199
8EJ0_G	8EJ0	G	MG	MG:G:602:MG	G	602	MG	GLU	89	89	CD	2.369
8EJ0_G	8EJ0	G	MG	MG:G:602:MG	G	602	MG	GLU	89	89	OE1	2.843
8EJ0_G	8EJ0	G	MG	MG:G:602:MG	G	602	MG	GLU	89	89	OE2	2.001
8EJ0_G	8EJ0	G	MG	MG:G:602:MG	G	602	MG	ASP	126	126	OD1	2.297
8EJ0_G	8EJ0	G	MG	MG:G:602:MG	G	602	MG	GLU	449	449	CD	3.016
8EJ0_G	8EJ0	G	MG	MG:G:602:MG	G	602	MG	GLU	449	449	OE1	2.132
5J84_A	5J84	A	MG	MG:A:601:MG	A	601	MG	GLU	91	100	CG	3.168
5J84_A	5J84	A	MG	MG:A:601:MG	A	601	MG	GLU	91	100	CD	2.622
5J84_A	5J84	A	MG	MG:A:601:MG	A	601	MG	GLU	91	100	OE1	2.250
5J84_A	5J84	A	MG	MG:A:601:MG	A	601	MG	ASP	128	137	OD2	2.212
5J84_A	5J84	A	MG	MG:A:601:MG	A	601	MG	GLU	453	462	CD	2.897
5J84_A	5J84	A	MG	MG:A:601:MG	A	601	MG	GLU	453	462	OE1	2.961
5J84_A	5J84	A	MG	MG:A:601:MG	A	601	MG	GLU	453	462	OE2	2.162
5J84_B	5J84	B	MG	MG:B:601:MG	B	601	MG	GLU	91	100	OE1	2.105
5J84_B	5J84	B	MG	MG:B:601:MG	B	601	MG	ASP	128	137	CG	3.145
5J84_B	5J84	B	MG	MG:B:601:MG	B	601	MG	ASP	128	137	OD2	2.176
5J84_B	5J84	B	MG	MG:B:601:MG	B	601	MG	GLU	453	462	CD	3.108
5J84_B	5J84	B	MG	MG:B:601:MG	B	601	MG	GLU	453	462	OE2	2.127
5J84_C	5J84	C	MG	MG:C:601:MG	C	601	MG	GLU	91	100	CD	3.045
5J84_C	5J84	C	MG	MG:C:601:MG	C	601	MG	GLU	91	100	OE1	2.103
5J84_C	5J84	C	MG	MG:C:601:MG	C	601	MG	ASP	128	137	OD2	2.276
5J84_C	5J84	C	MG	MG:C:601:MG	C	601	MG	THR	205	214	CB	3.107
5J84_C	5J84	C	MG	MG:C:601:MG	C	601	MG	THR	205	214	OG1	2.312
5J84_C	5J84	C	MG	MG:C:601:MG	C	601	MG	GLU	453	462	OE2	2.278
5J84_D	5J84	D	MG	MG:D:601:MG	D	601	MG	GLU	91	100	CD	3.049
5J84_D	5J84	D	MG	MG:D:601:MG	D	601	MG	GLU	91	100	OE1	2.258
5J84_D	5J84	D	MG	MG:D:601:MG	D	601	MG	ASP	128	137	OD2	2.197
5J84_D	5J84	D	MG	MG:D:601:MG	D	601	MG	GLU	453	462	CD	2.966
5J84_D	5J84	D	MG	MG:D:601:MG	D	601	MG	GLU	453	462	OE1	3.136
5J84_D	5J84	D	MG	MG:D:601:MG	D	601	MG	GLU	453	462	OE2	2.109
5J84_E	5J84	E	MG	MG:E:601:MG	E	601	MG	GLU	91	100	OE1	2.164
5J84_E	5J84	E	MG	MG:E:601:MG	E	601	MG	ASP	128	137	CG	3.091
5J84_E	5J84	E	MG	MG:E:601:MG	E	601	MG	ASP	128	137	OD2	2.180
5J84_E	5J84	E	MG	MG:E:601:MG	E	601	MG	GLU	453	462	CD	3.176
5J84_E	5J84	E	MG	MG:E:601:MG	E	601	MG	GLU	453	462	OE2	2.170
5J84_F	5J84	F	MG	MG:F:601:MG	F	601	MG	GLU	91	100	CD	3.023
5J84_F	5J84	F	MG	MG:F:601:MG	F	601	MG	GLU	91	100	OE1	2.147
5J84_F	5J84	F	MG	MG:F:601:MG	F	601	MG	ASP	128	137	CG	3.173
5J84_F	5J84	F	MG	MG:F:601:MG	F	601	MG	ASP	128	137	OD2	2.145
5J84_F	5J84	F	MG	MG:F:601:MG	F	601	MG	GLU	453	462	CD	2.954
5J84_F	5J84	F	MG	MG:F:601:MG	F	601	MG	GLU	453	462	OE1	3.153
5J84_F	5J84	F	MG	MG:F:601:MG	F	601	MG	GLU	453	462	OE2	2.087
5J84_G	5J84	G	MG	MG:G:601:MG	G	601	MG	GLU	91	100	CD	3.142
5J84_G	5J84	G	MG	MG:G:601:MG	G	601	MG	GLU	91	100	OE2	2.089
5J84_G	5J84	G	MG	MG:G:601:MG	G	601	MG	ASP	128	137	OD2	2.160
5J84_G	5J84	G	MG	MG:G:601:MG	G	601	MG	GLU	453	462	CD	3.000
5J84_G	5J84	G	MG	MG:G:601:MG	G	601	MG	GLU	453	462	OE1	3.152
5J84_G	5J84	G	MG	MG:G:601:MG	G	601	MG	GLU	453	462	OE2	2.147
5J84_H	5J84	H	MG	MG:H:601:MG	H	601	MG	GLU	91	100	CD	2.932
5J84_H	5J84	H	MG	MG:H:601:MG	H	601	MG	GLU	91	100	OE1	2.153
5J84_H	5J84	H	MG	MG:H:601:MG	H	601	MG	ASP	128	137	OD2	2.179
5J84_H	5J84	H	MG	MG:H:601:MG	H	601	MG	GLU	453	462	CD	2.893
5J84_H	5J84	H	MG	MG:H:601:MG	H	601	MG	GLU	453	462	OE1	3.095
5J84_H	5J84	H	MG	MG:H:601:MG	H	601	MG	GLU	453	462	OE2	2.023
9EVV_A	9EVV	A	MG	MG:A:601:MG	A	601	MG	GLU	91	100	OE2	2.167
9EVV_A	9EVV	A	MG	MG:A:601:MG	A	601	MG	ASP	128	137	OD2	2.235
9EVV_A	9EVV	A	MG	MG:A:601:MG	A	601	MG	GLU	453	462	CD	3.121
9EVV_A	9EVV	A	MG	MG:A:601:MG	A	601	MG	GLU	453	462	OE2	2.133
9EVV_B	9EVV	B	MG	MG:B:601:MG	B	601	MG	GLU	91	100	CD	3.138
9EVV_B	9EVV	B	MG	MG:B:601:MG	B	601	MG	GLU	91	100	OE2	2.217
9EVV_B	9EVV	B	MG	MG:B:601:MG	B	601	MG	ASP	128	137	OD2	2.247
9EVV_B	9EVV	B	MG	MG:B:601:MG	B	601	MG	GLU	453	462	CD	3.065
9EVV_B	9EVV	B	MG	MG:B:601:MG	B	601	MG	GLU	453	462	OE2	2.084
9EVV_C	9EVV	C	MG	MG:C:601:MG	C	601	MG	GLU	91	100	OE2	2.188
9EVV_C	9EVV	C	MG	MG:C:601:MG	C	601	MG	ASP	128	137	OD2	2.155
9EVV_C	9EVV	C	MG	MG:C:601:MG	C	601	MG	GLU	453	462	CD	3.077
9EVV_C	9EVV	C	MG	MG:C:601:MG	C	601	MG	GLU	453	462	OE1	3.126
9EVV_C	9EVV	C	MG	MG:C:601:MG	C	601	MG	GLU	453	462	OE2	2.333
9EVV_D	9EVV	D	MG	MG:D:601:MG	D	601	MG	GLU	91	100	CD	2.936
9EVV_D	9EVV	D	MG	MG:D:601:MG	D	601	MG	GLU	91	100	OE2	2.127
9EVV_D	9EVV	D	MG	MG:D:601:MG	D	601	MG	ASP	128	137	CG	3.163
9EVV_D	9EVV	D	MG	MG:D:601:MG	D	601	MG	ASP	128	137	OD2	2.111
9EVV_D	9EVV	D	MG	MG:D:601:MG	D	601	MG	GLU	453	462	CD	3.111
9EVV_D	9EVV	D	MG	MG:D:601:MG	D	601	MG	GLU	453	462	OE2	2.191
5J85_A	5J85	A	MG	MG:A:602:MG	A	602	MG	GLU	91	100	OE1	2.337
5J85_A	5J85	A	MG	MG:A:602:MG	A	602	MG	ASP	128	137	OD2	2.127
5J85_A	5J85	A	MG	MG:A:602:MG	A	602	MG	GLU	453	462	CD	3.044
5J85_A	5J85	A	MG	MG:A:602:MG	A	602	MG	GLU	453	462	OE1	2.099
7M3K_A	7M3K	A	ZN	ZN:A:701:ZN	A	701	ZN	CYS	63	71	SG	2.334
7M3K_A	7M3K	A	ZN	ZN:A:701:ZN	A	701	ZN	CYS	131	139	CB	3.165
7M3K_A	7M3K	A	ZN	ZN:A:701:ZN	A	701	ZN	CYS	131	139	SG	2.319
5OYN_A	5OYN	A	MG	MG:A:601:MG	A	601	MG	GLU	92	101	CD	2.730
5OYN_A	5OYN	A	MG	MG:A:601:MG	A	601	MG	GLU	92	101	OE1	2.079
5OYN_A	5OYN	A	MG	MG:A:601:MG	A	601	MG	ASP	129	138	CG	3.061
5OYN_A	5OYN	A	MG	MG:A:601:MG	A	601	MG	ASP	129	138	OD2	2.109
5OYN_A	5OYN	A	MG	MG:A:601:MG	A	601	MG	GLU	463	472	CD	3.106
5OYN_A	5OYN	A	MG	MG:A:601:MG	A	601	MG	GLU	463	472	OE2	2.089
5OYN_B	5OYN	B	MG	MG:B:601:MG	B	601	MG	GLU	92	101	CD	2.747
5OYN_B	5OYN	B	MG	MG:B:601:MG	B	601	MG	GLU	92	101	OE2	2.059
5OYN_B	5OYN	B	MG	MG:B:601:MG	B	601	MG	ASP	129	138	OD2	2.066
5OYN_B	5OYN	B	MG	MG:B:601:MG	B	601	MG	GLU	463	472	CD	3.101
5OYN_B	5OYN	B	MG	MG:B:601:MG	B	601	MG	GLU	463	472	OE2	2.085
5OYN_C	5OYN	C	MG	MG:C:601:MG	C	601	MG	GLU	92	101	CD	2.862
5OYN_C	5OYN	C	MG	MG:C:601:MG	C	601	MG	GLU	92	101	OE1	2.099
5OYN_C	5OYN	C	MG	MG:C:601:MG	C	601	MG	ASP	129	138	OD2	2.089
5OYN_C	5OYN	C	MG	MG:C:601:MG	C	601	MG	GLU	463	472	CD	3.070
5OYN_C	5OYN	C	MG	MG:C:601:MG	C	601	MG	GLU	463	472	OE1	2.101
5OYN_D	5OYN	D	MG	MG:D:601:MG	D	601	MG	GLU	92	101	CG	3.011
5OYN_D	5OYN	D	MG	MG:D:601:MG	D	601	MG	GLU	92	101	CD	2.324
5OYN_D	5OYN	D	MG	MG:D:601:MG	D	601	MG	GLU	92	101	OE1	2.826
5OYN_D	5OYN	D	MG	MG:D:601:MG	D	601	MG	GLU	92	101	OE2	2.066
5OYN_D	5OYN	D	MG	MG:D:601:MG	D	601	MG	ASP	129	138	OD1	2.077
5OYN_D	5OYN	D	MG	MG:D:601:MG	D	601	MG	GLU	463	472	CD	2.761
5OYN_D	5OYN	D	MG	MG:D:601:MG	D	601	MG	GLU	463	472	OE1	2.914
5OYN_D	5OYN	D	MG	MG:D:601:MG	D	601	MG	GLU	463	472	OE2	2.108
