token	pdb_id	target_chain	metal	metal_site_id	residue_count	residues
5ZE4_A	5ZE4	A	MG	MG:A:606:MG	2	ASP140[seq=139];GLU463[seq=462]
8IKZ_A	8IKZ	A	MG	MG:A:603:MG	2	ASP140[seq=140];ASP98[seq=98]
9JPI_A	9JPI	A	MG	MG:A:601:MG	4	ASP98[seq=104];ASP140[seq=146];LYS141[seq=147];GLU463[seq=469]
9L8R_A	9L8R	A	MG	MG:A:603:MG	3	ASP140[seq=138];GLU463[seq=461];ASP98[seq=96]
8HS0_A	8HS0	A	MG	MG:A:603:MG	3	ASP140[seq=140];LYS141[seq=141];HIS293[seq=293]
6OVT_A	6OVT	A	MG	MG:A:601:MG	3	ASP96[seq=121];ASP138[seq=163];GLU465[seq=490]
6OVT_A	6OVT	A	MG	MG:A:603:MG	1	ASP69[seq=94]
6OVT_B	6OVT	B	MG	MG:B:601:MG	3	ASP96[seq=121];ASP138[seq=163];GLU465[seq=490]
6OVT_B	6OVT	B	MG	MG:B:604:MG	1	ASP69[seq=94]
6OVT_C	6OVT	C	MG	MG:C:603:MG	3	ASP96[seq=121];ASP138[seq=163];GLU465[seq=490]
6OVT_C	6OVT	C	MG	MG:C:604:MG	1	ASP69[seq=94]
6OVT_D	6OVT	D	MG	MG:D:601:MG	3	ASP96[seq=121];ASP138[seq=163];GLU465[seq=490]
6OVT_D	6OVT	D	MG	MG:D:602:MG	1	ASP69[seq=94]
8EJ0_A	8EJ0	A	MG	MG:A:602:MG	3	ASP126[seq=126];GLU449[seq=449];GLU89[seq=89]
8EJ0_C	8EJ0	C	MG	MG:C:602:MG	2	GLU449[seq=449];GLU89[seq=89]
8EJ0_E	8EJ0	E	MG	MG:E:602:MG	3	ASP126[seq=126];GLU449[seq=449];GLU89[seq=89]
8EJ0_G	8EJ0	G	MG	MG:G:602:MG	3	ASP126[seq=126];GLU449[seq=449];GLU89[seq=89]
5J84_A	5J84	A	MG	MG:A:601:MG	3	GLU91[seq=100];ASP128[seq=137];GLU453[seq=462]
5J84_B	5J84	B	MG	MG:B:601:MG	3	GLU91[seq=100];ASP128[seq=137];GLU453[seq=462]
5J84_C	5J84	C	MG	MG:C:601:MG	4	GLU91[seq=100];ASP128[seq=137];THR205[seq=214];GLU453[seq=462]
5J84_D	5J84	D	MG	MG:D:601:MG	3	GLU91[seq=100];ASP128[seq=137];GLU453[seq=462]
5J84_E	5J84	E	MG	MG:E:601:MG	3	GLU91[seq=100];ASP128[seq=137];GLU453[seq=462]
5J84_F	5J84	F	MG	MG:F:601:MG	3	GLU91[seq=100];ASP128[seq=137];GLU453[seq=462]
5J84_G	5J84	G	MG	MG:G:601:MG	3	GLU91[seq=100];ASP128[seq=137];GLU453[seq=462]
5J84_H	5J84	H	MG	MG:H:601:MG	3	GLU91[seq=100];ASP128[seq=137];GLU453[seq=462]
9EVV_A	9EVV	A	MG	MG:A:601:MG	3	GLU91[seq=100];ASP128[seq=137];GLU453[seq=462]
9EVV_B	9EVV	B	MG	MG:B:601:MG	3	GLU91[seq=100];ASP128[seq=137];GLU453[seq=462]
9EVV_C	9EVV	C	MG	MG:C:601:MG	3	GLU91[seq=100];ASP128[seq=137];GLU453[seq=462]
9EVV_D	9EVV	D	MG	MG:D:601:MG	3	GLU91[seq=100];ASP128[seq=137];GLU453[seq=462]
5J85_A	5J85	A	MG	MG:A:602:MG	3	GLU91[seq=100];ASP128[seq=137];GLU453[seq=462]
7M3K_A	7M3K	A	ZN	ZN:A:701:ZN	2	CYS131[seq=139];CYS63[seq=71]
5OYN_A	5OYN	A	MG	MG:A:601:MG	3	GLU92[seq=101];ASP129[seq=138];GLU463[seq=472]
5OYN_B	5OYN	B	MG	MG:B:601:MG	3	GLU92[seq=101];ASP129[seq=138];GLU463[seq=472]
5OYN_C	5OYN	C	MG	MG:C:601:MG	3	GLU92[seq=101];ASP129[seq=138];GLU463[seq=472]
5OYN_D	5OYN	D	MG	MG:D:601:MG	3	GLU92[seq=101];ASP129[seq=138];GLU463[seq=472]
